"Question","X1","X23","X51","X33","X55","X68","X8","X18","X32","X56","X43","X42","X65","X57","X37","X46","X39","X17","X22","X61","X19","X30","X15","X53","X54","X38","X35","X31","X49","X75","X74","X24","X10","X2","X13","X64","X25","X7","X59","X60","X6","X36","X58","X11","X62","X52","X73","X50","X71","X12","X29","X67","X3","X66","X47","X44","X20","X5","X16","X9","X41","X63","X26","X40","X48","X34","X4","X21","X27","X14","X72","X69","X28","X45","X70"
"Was this course delivered wholly or partially via distance?","3","3","3","3","3","3","3","3","3","3","1","3","3","3","3","3","3","3","3","1","3","3","3","3","3","3","3","3","3","3","3","3","2","3","3","3","3","3","3","3","3","3","3","3","1","3","3","3","3","3","3","3","3","3","3","1","3","3","3","3","3","3","1","3","3","3","3","1","1","3","3","3","3","3","1"
"How successful was the course overall, given the challenges of converting to distance delivery?",,,"ƒ∞t was successful",,,,,,,,"good",,,,,,,,,"Fully successful ",,,,,,,,,,,,,,,"Very successful ",,,,,,,,,,,,,,,,,,,,,"not best class but good enough to learn and understand hard topics",,,,,,,,,,,,,,,,,,,"well"
"Please share any short tips from your experience on ways to optimize distance courses.",,,"No",,,,,,,,"no tips",,,,,,,,,,,,,,,,,,,,,,,,,,,,,,,,,,,,,,,,,,,,,,,,,,,,,,,,,,,,,,,,"well"
"What percentage of the lectures and exercise sessions for this course did you attend?"," 90"," 90","100","100","100","100","100"," 90","100","100","100","100","  0","100"," 80"," 90","100"," 90"," 70"," 90","100"," 90","100","100","100"," 50","100"," 90"," 80"," 90"," 70"," 90","100","100"," 90"," 90"," 90"," 90"," 90"," 80"," 90","100"," 80"," 80"," 80"," 90"," 70"," 90"," 80"," 90"," 80"," 40"," 90"," 90"," 80"," 90","100","  0"," 70","100"," 90","100"," 90"," 50","100","100","100","  0","100","100"," 80"," 90","100"," 90"," 80"
"Compared to your other courses, how demanding was this course?","4","4","4","4","3","3","4","5","5","3","4","4","4","4","3","4","3","4","4","5","4","5","4","4","3","2","4","4","4","5","3","3","4","3","3","3","3","4","4","5","4","4","4","5","5","5","4","4","5","5","4","5","4","3","5","3","4","3","3","5","3","3","4","3","4","4","3","5","4","4","4","3","3","3","4"
"The exercise sessions were:","5","1","4","3","5","4","3","5","4","2","5","4","5","4","4","4","5","5","5","5","5","5","5","4","5","2","1","3","5","5","4","3","5","3","4","5","2","5","5","3","4","5","5","4","5","3","4","4","5","5","4","5","4","5","5","5","4","5","5","5","5","4","3","5","5","5","3","5","3","5","5","4","4","4","4"
"The lectures were:","4","5","3","4","4","5","5","5","5","1","5","4","4","4","4","4","5","5","5","5","5","4","5","4","5","3","5","4","4","4","5","3","5","5","5","5","3","5","5","5","4","4","5","4","5","3","4","4","5","5","5","5","5","5","5","5","4","5","4","5","5","5","1","5","4","5","3","5","5","5","5","3","5","4","4"
"Compared to other courses, this course was linked to real life economics?","3","5","4","5","5","5","4","3","4","3","4","4","5","4","4","4","4","5","4","5","4","3","4","4","5","1","5","5","3","5","5","3","3","5","2","4","3","1","4","5","4","4","4","3","5","2","4","4","5","5","3","5","4","4","5","5","3","4","2","5","5","4","4","3","3","5","4","5","5","3","4","4","5","4","5"
"What is your overall assessment of this course?","4","5","4","3","5","4","5","5","4","3","5","5","4","5","4","4","5","5","4","5","4","4","5","4","5","2","5","4","5","2","5","3","3","5","4","4","3","4","4","5","4","5","3","4","5","3","4","4","5","5","4","4","4","5","5","5","3","5","5","5","5","4","3","3","5","5","4","5","5","5","4","4","5","4","5"
"The teacher was organized and prepared for class:","5","5","4","4","5","4","5","5","5","2","5","4","4","5","4","5","5","5","5","5","5","5","5","4","5","4","5","4","5","5","5","3","4","5","5","5","2","5","5","5","4","4","5","4","5","4","4","4","5","5","5","5","4","5","5","4","4","5","5","5","5","5","3","4","5","5","5","5","5","5","5","4","3","3","5"
"The teacher encouraged active student participation in classes:","4","5","3","4","5","5","5","5","5","3","4","4","4","5","5","4","5","5","5","3","4","5","5","5","5","3","5","4","4","5","5","2","4","5","4","5","4","5","5","5","4","5","5","5","5","5","5","5","5","5","4","5","4","5","5","5","4","4","4","5","5","5","2","4","5","5","5","5","4","5","5","5","5","3","5"
"The teacher was available for student questions and concerns:","5","5","3","4","5","5","5","5","5","5","5","4","5","5","5","5","5","5","5","4","4","4","5","5","5","2","5","4","5","5","5","3","5","5","3","5","3","5","5","5","4","5","5","5","5","5","4","4","5","5","4","5","5","5","5","5","3","5","4","5","5","4","2","5","4","5","5","5","5","5","5","5","2","4","3"
"The teacher was able to clarify difficult materials:","5","4","3","4","5","4","5","5","5","5","5","4","4","5","4","5","5","5","5","5","5","4","5","5","5","3","4","4","5","5","5","2","4","5","4","5","2","5","5","5","4","5","5","4","5","4","4","4","5","5","5","5","5","5","5","5","3","5","5","5","5","5","2","4","4","5","3","5","4","5","5","5","4","5","4"
"Would you recommend the course to other students? Why/why not?","Yes . ƒ∞t is by far the best math course","Yes.","Overall i would, but because there were some issues, students may experience stress. ","yes i will,  very usefull in real life",,,"Of course, Samir muellim is one hell of a smart guy and whenever I mailed him he always explained the questions to me. He is probably the kindest instructor at the whole ADA!!","Yes, the instructor explained all topics very well and his methods are useful for all students ",,"Yes, but personally I didn‚Äôt understand the explanation of teacher. I was doing self study with the help of you tube videos which also were in English. Why I mentioned that they were in English, because teacher usually says that we don‚Äôt understand hip because we don‚Äôt know English well. However, I think his explanation methodos are very confusing.","yes","Yes","Yes l would as teacher explains the relevant information ","The course is complex and in my opinion topics are very difficult to comprehend ","Yes",,"Yes because it's the best in explaining statistical analysis and application in real world ","Yes, because instructor teaches it in a way that lectures become interesting","Yes, it is great",,,"Yes, as this instructor is the best among others","Yes. The material is in an understandable format, and the concepts are easy to grasp.","Yes. Although the course is difficult, the teacher makes it interesting ",,,"Yes. Since we apply real world examples into lectures ",,,,"Yes. It‚Äôs very interesting material to learn, I highly recommend.","Yes",,"The instructor is highly knowledgable, guiding via distinct insights and real life examples.","Yes. Dr. Samir Orujov explanations were clear and understandable ","Yes it is very good",,"Yes, I would recommend this course to other students. It is very interesting and useful course. Also, I would like mention that this course becomes more interesting for me thank to our instructor. He  taught us that how we can use this information in our real life.",,"Yes I definitely will ","To do self study, do hws, learn by heart, because you will not get higher grade without learning by heart. I guess it is unfair, in midterm, i tried to do all questions with using my brain, but the time was not enough. That's why, I got lower, but students who know less than me, got high grade with just learning hw questions by heart üòÆ‚Äçüí®üíî","Sure","Yes,  great instructor",,,"yes. ","Yes, it is very crucial course to develop statistical foundation.","Yes. Because the course is interesting",,"Absolutely. To be quite honest Prof Samir is one of the few instructors I've met whom genuinely care about his students. In the past 2 years I've been studying for my bachelors degree, there have been only two classes that interested me solely because the instructor made it that way. His classes are probably the only part of the day I actually enjoy learning. Not only that, but prof. Samir sees how hard I work for this course. Instructors hardly ever acknowledge your efforts, so it is pretty nice when someone, especially an expert, appriciates your honest work. ","sure, statistics is essential thing to know at least in daily life ","Yes, it is very useful","Yes, because the methodology applied by the instructor in terms of teaching was interactive and very useful ",,"Yes i would, because it would help us in future a lot ","yes, because it is very useful in real world fields",,,"Yes, I would. Because despite the challenges of the subject itself the teacher helps a lot which eases the stress of the subject. Just by attending the classes taking notes and doing homeworks I get decent grades and I‚Äôve never read the book. So the classes are super helpful!","Yes, it was experience.",,"Excellent and caring instructor, interesting topics that you can find real life examples.",,,"Yes ƒ± would ","Of course I will. 100%.","I would, because the instructor tries to be helpful and assist students. ",,,"Yes","Yes,because the course is interesting.","yes","Mr Samir is able to explain complex materials, theorems and concepts in a very easy and intuitive way. You UNDERSTAND statistics in this course, not memorize.","Yes ","I recommend because they cannot take Math STAT 2 witout MATH STAT 1"
"Any other comments?",,,".","You are the best",,,"I will definitely take his course for stat2 ","No",,,"no",,,,"Nope",,,"Nothing","No",,,,,,,,"Love Samir muellim",,,,"No",,,,,,,"I would recommend that this course can be more related to our majors. For example, for business students, It can be more related form to business examples, not just normal questions about this course. ",,"It would be better either to take all or totally not to take attendance as it‚Äôs a bit unfair ","To do self study, do hws, learn by heart, because you will not get higher grade without learning by heart. I guess it is unfair, in midterm, i tried to do all questions with using my brain, but the time was not enough. That's why, I got lower, but students who know less than me, got high grade with just learning hw questions by heart üòÆ‚Äçüí®üíî",,,,,"no.",,"No",,"Students need to appriciate him more, Prof Samir is one of the best instructors they will ever get to meet here.",".",,,,"No thanksüôèüèº",,,,"-",,,,,,".","I would have had comments if the course wasn't perfect. –ü—Ä–∏–≤–µ—Ç –æ—Ç —Ç–æ–≤–∞—Ä–∏—â–∞.","Lectures are a bit messy, we are in a rush, I kinda understand what is going on, but at the same time it is a big mess, difficult to connect everything together.  I really hope you will be able to make it all connect led and much clear, even though you already try it really hard, but still somewhat difficult ",,,,"None",,,,"I dont ahve"
